#,Reference,Designation,Unite,Fournisseur,PU_HT,PU_TTC
1,KY2N-D10,Mousse DOLENO 200×180×10mm BLANC,Pièce,KY2N ARTON,495,594
2,KY2N-D05,Mousse DOLENO 200×180×5mm BLANC,Pièce,KY2N ARTON,247.5,297
3,KY2N-D03,Mousse DOLENO 200×180×3mm BLANC,Pièce,KY2N ARTON,150,180
4,KY2N-D02,Mousse DOLENO 200×180×2mm BLANC,Pièce,KY2N ARTON,100,120
5,KY2N-D15,Mousse DOLENO 200×180×1.5mm BLANC,Pièce,KY2N ARTON,75,90
6,KY2N-D01,Mousse DOLENO 200×180×1mm BLANC,Pièce,KY2N ARTON,52.7,63.24
7,KY2N-A10,Mousse ABS DOLENO 200×180×10mm BLEU,Pièce,KY2N ARTON,529.2,635
8,KY2N-A03,Mousse ABS DOLENO 200×180×3mm BLEU,Pièce,KY2N ARTON,150,180
9,KY2N-AP10,Mousse ABS PLUS 200×180×10mm BLEU,Pièce,KY2N ARTON,529.2,635
10,KY2N-AP05,Mousse ABS PLUS 200×180×5mm BLEU,Pièce,KY2N ARTON,250,300
11,KY2N-H10,Mousse HANAE 200×180×10mm BLEU,Pièce,KY2N ARTON,458.3,550
12,KY2N-H05,Mousse HANAE 200×180×5mm BLEU,Pièce,KY2N ARTON,229.2,275
13,KY2N-H03,Mousse HANAE 200×180×3mm BLEU,Pièce,KY2N ARTON,133.3,160
14,KY2N-S03,Mousse SANYA 200×180×3mm ROSE,Pièce,KY2N ARTON,70.26,84.31
15,KY2N-S01,Mousse SANYA 200×180×1mm ROSE,Pièce,KY2N ARTON,23.23,27.88
16,KY2N-SG,Mousse SANYA 180×130×5mm GRIS,Pièce,KY2N ARTON,75,90
17,KY2N-OUA,Ouate 120G Laize 150cm (Rouleau),ML,KY2N ARTON,283.3,340
18,KY2N-FIB,Sac Ouate Fibre Boule 10kg,Pièce,KY2N ARTON,162,194.4
19,KY2N-MT200,Matelas M33 Plus 200×160 Alèse Zip Beige,Pièce,KY2N ARTON,"1,625","1,950"
20,KY2N-MT180,Matelas M33 Plus 180×90 Alèse Zip Gris,Pièce,KY2N ARTON,750,900
21,KY2N-MT200S,Matelas 200×200 (ARTON),Pièce,KY2N ARTON,"2,167","2,600"
22,IGA-M10,Mousse 33 200×180×10cm,Pièce,IGADOR,529.6,635.5
23,IGA-M03,Mousse 33 200×180×3mm,Pièce,IGADOR,184,220.8
24,IGA-M15,Mousse 33 200×180×1.5mm,Pièce,IGADOR,91.99,110.4
25,IGA-M01,Mousse 33 200×180×1mm,Pièce,IGADOR,91.99,110.4
26,IGA-A03,Mousse ABS 200×180×3mm,Pièce,IGADOR,153.3,184
27,IGA-A05,Mousse ABS 200×180×5mm,Pièce,IGADOR,264.8,317.8
28,IGA-A10,Mousse ABS 200×180×10cm,Pièce,IGADOR,529.6,635.5
29,IGA-S02,Mousse Super 200×180×2mm,Pièce,IGADOR,260.6,312.8
30,IGA-S15,Mousse Super 200×180×1.5mm,Pièce,IGADOR,130.4,156.5
31,IGA-N3,Mousse Normale 3cm,Pièce,IGADOR,75,90
32,IGA-HR,Mousse HR 10cm,Pièce,IGADOR,"1,025","1,230"
33,IGA-FIB,Sac Fibre Boule,Pièce,IGADOR,158.3,190
34,IGA-OUA120,Rouleau Ouate 120G 150CM 50M,Pièce,IGADOR,275,330
35,IGA-OUA150,Rouleau Ouate 150G,Pièce,IGADOR,275,330
36,IGA-MPAS,Matelas Passadena 160×200,Pièce,IGADOR,"1,498","1,798"
37,IGA-MPAS180,Matelas Passadena 180×200,Pièce,IGADOR,"1,826","2,191"
38,IGA-MBD160,Matelas Best Dream 160×200,Pièce,IGADOR,"3,231","3,877"
39,IGA-MBD180,Matelas Best Dream 180×200,Pièce,IGADOR,"3,635","4,362"
40,IGA-MBD200,Matelas Best Dream 200×200,Pièce,IGADOR,"4,038","4,846"
41,IGA-MQA,Matelas Qasba 160×200,Pièce,IGADOR,"1,083","1,300"
42,TEG-M03,Mousse 33 03cm,Pièce,TEGUEMI SARL,129.2,155
43,TEG-M15,Mousse 33 1.5cm,Pièce,TEGUEMI SARL,79.17,95
44,TEG-M5,Mousse 33 5cm,Pièce,TEGUEMI SARL,214.2,257
45,TEG-M10,Mousse 33 10cm,Pièce,TEGUEMI SARL,425,510
46,TEG-A03,Mousse ABS 03,Pièce,TEGUEMI SARL,129.2,155
47,TEG-A10,Mousse ABS 10cm,Pièce,TEGUEMI SARL,425,510
48,TEG-FIB,Sac Fibre Boule,Pièce,TEGUEMI SARL,158.3,190
49,TEG-MQA,Matelas Qasba 160×200,Pièce,TEGUEMI SARL,"1,000","1,200"
50,TEG-M90,Matelas 90×180,Pièce,TEGUEMI SARL,708.3,850
51,TEG-ANT,Patin Anti-Glissage,Pièce,TEGUEMI SARL,12.5,15
52,MEN-MDF6,MDF Brut 06mm,Feuille,MENARA BOIS,275,330
53,MEN-MDF8,MDF Brut 08mm,Feuille,MENARA BOIS,333.3,400
54,MEN-MDF10,MDF Brut 10mm,Feuille,MENARA BOIS,400,480
55,MEN-MDF18,MDF Brut 18mm,Feuille,MENARA BOIS,650,780
56,MEN-MHGB,MDF Mélaminé High Gloss Blanc 18mm,Feuille,MENARA BOIS,737.5,885
57,MEN-SAP2,Sapin Rouge 2ème 100×19mm,ML,MENARA BOIS,10,12
58,MEN-SAP3,Sapin Rouge 3ème 175×25mm,ML,MENARA BOIS,22.5,27
59,MEN-ISO,Isorel 3050×1220×2.5mm,Feuille,MENARA BOIS,70,84
60,MEN-LFR50A,Hêtre France A 50mm,m³,MENARA BOIS,"8,750",1.05e+04
61,MEN-LFR80A,Hêtre France A 80mm,m³,MENARA BOIS,"8,750",1.05e+04
62,MEN-LFR50B,Hêtre France B 50mm,m³,MENARA BOIS,"6,583","7,900"
63,MEN-LFR80B,Hêtre France B 80mm,m³,MENARA BOIS,"6,583","7,900"
64,MEN-BOI6,Bois Rouge 6 2ème 200×63mm,ML,MENARA BOIS,60,72
65,MEN-CGB,Colle à Bois Dynaglo 30KG,Sac,MENARA BOIS,416.7,500
66,IAM-MDF8,MDF Brut 08mm,Feuille,IAMAR DARNA,325,390
67,IAM-MDF10,MDF Brut 10mm,Feuille,IAMAR DARNA,383.3,460
68,IAM-MDF16,MDF Brut 16mm,Feuille,IAMAR DARNA,525,630
69,IAM-MDF18,MDF Brut 18mm,Feuille,IAMAR DARNA,650,780
70,IAM-ISO,Isorel 3050×1220×2.5mm,Feuille,IAMAR DARNA,66.67,80
71,IAM-SAP,Sapin Blanc 175×25mm,ML,IAMAR DARNA,13.75,16.5
72,ELA-MDF16,MDF Brut 16mm,Feuille,ELAA BOIS,312.5,375
73,ELA-MNOY8,MDF Mélaminé Noyer 08mm,Feuille,ELAA BOIS,666.7,800
74,ELA-MNOY18,MDF Mélaminé Noyer 18mm,Feuille,ELAA BOIS,816.7,980
75,ELA-MHGB,High Gloss Blanco 1800×1220,Feuille,ELAA BOIS,816.7,980
76,ELA-CHNOIR,Bande de Chant Noir Mat 08 2cm,ML,ELAA BOIS,7.5,9
77,COM-MDF8,MDF Brut 08mm,Feuille,COMARBOIS SA,333.3,400
78,COM-MDF18,MDF Brut 18mm,Feuille,COMARBOIS SA,625,750
79,COM-MDF8X,MDF 08mm,Feuille,COMAR BOIS,333.3,400
80,COM-PLN,Placage Noyer 30cm,ML,COMAR BOIS,33.33,40
81,COM-CHANT,Chant Placage,ML,COMAR BOIS,5,6
82,SOC-ISO,Isorel 3050×1220×2.5mm,Feuille,SOCOB,55.83,67
83,SOC-MDF8,MDF Brut 08mm,Feuille,SOCOB,308.3,370
84,SOC-MDF10,MDF Brut 10mm,Feuille,SOCOB,353.3,424
85,SOC-MDF18,MDF Brut 18mm,Feuille,SOCOB,541.7,650
86,SOC-SAP,Sapin Blanc 175×25mm,ML,SOCOB,14.17,17
87,BER-PLN,Placage Noyer 30cm,ML,BERZOUQ,29.17,35
88,BER-CNOIR,Bande de Chant Noir Mat 08 2cm,ML,BERZOUQ,2.08,2.5
89,BER-CNOY,Chant Noyer 08 2cm,ML,BERZOUQ,2.083,2.5
90,LAG-TC16,Tube Carré 16×2mm,ML,LAGO METAL,50,60
91,LAG-TC20,Tube Carré 20×1.5mm,ML,LAGO METAL,62.5,75
92,LAG-TC202,Tube Carré 20×2mm,ML,LAGO METAL,70.83,85
93,LAG-TC40,Tube Carré 40×1.5mm,ML,LAGO METAL,112.5,135
94,LAG-TC50,Tube Carré 50×1.5mm,ML,LAGO METAL,141.7,170
95,LAG-TC60,Tube Carré 60×1.5mm,ML,LAGO METAL,175,210
96,LAG-TC80,Tube Carré 80×2mm,ML,LAGO METAL,333.3,400
97,LAG-TR2030,Tube Rectangle 20×30×1.5mm,ML,LAGO METAL,70.83,85
98,LAG-TR5030,Tube Rectangle 50×30×1.5mm,ML,LAGO METAL,112.5,135
99,LAG-TR5030X,Tube Rectangle 50×30 6m,ML,LAGO METAL,108.3,130
100,LAG-TR7040,Tube Rectangle 70×40×1.5mm,ML,LAGO METAL,158.3,190
101,LAG-TR702,Tube Rectangle 70×40×2mm,ML,LAGO METAL,187.5,225
102,LAG-RD16,Tube Rond 16×2mm,ML,LAGO METAL,68.33,82
103,LAG-RD2015,Tube Rond 20×1.5mm,ML,LAGO METAL,50,60
104,LAG-RD20,Tube Rond 20×2 6m,ML,LAGO METAL,58.33,70
105,LAG-RD33,Tube Rond 33×1.5mm,ML,LAGO METAL,75,90
106,LAG-RD332,Tube Rond 33×2mm,ML,LAGO METAL,87.5,105
107,LAG-RD40,Tube Rond 40×1.5mm,ML,LAGO METAL,95.83,115
108,LAG-RD50,Tube Rond 50×1.5mm,ML,LAGO METAL,141.7,170
109,LAG-RD60,Tube Rond 60×1.5mm,ML,LAGO METAL,141.7,170
110,LAG-FP20,Fer Plat 20×4mm,ML,LAGO METAL,27.5,33
111,LAG-FP50,Fer Plat 50×5mm,ML,LAGO METAL,125,150
112,LAG-FC8,Fer Carré N°08,ML,LAGO METAL,2.917,3.5
113,LAG-FC12,Fer Carré N°12,ML,LAGO METAL,50,60
114,LAG-RD08,Fer Rond N°08,ML,LAGO METAL,—,—
115,LAG-RD10,Fer Rond N°10,ML,LAGO METAL,29.17,35
116,LAG-RD16F,Fer Rond N°16,ML,LAGO METAL,75,90
117,LAG-FO20,Fer Ø20mm,ML,LAGO METAL,141.7,170
118,LAG-FH100,Fer H 100,ML,LAGO METAL,375,450
119,LAG-FU40,Fer U 40mm,ML,LAGO METAL,112.5,135
120,LAG-TN5,Tôle N°05 1m×2m,Feuille,LAGO METAL,875,"1,050"
121,LAG-TN12,Tôle N°12 1m×2m,Feuille,LAGO METAL,250,300
122,LAG-TN14,Tôle N°14 2m×1m,Feuille,LAGO METAL,233.3,280
123,LAG-TN15,Tôle N°15 1/2m,Feuille,LAGO METAL,266.7,320
124,LAG-TN153,Tôle N°15 3m×1.5m,Feuille,LAGO METAL,791.7,950
125,LAG-TN20,Tôle N°20 1/2m,Feuille,LAGO METAL,333.3,400
126,LAG-TN203,Tôle N°20 3m×1.5m,Feuille,LAGO METAL,950,"1,140"
127,LAG-TN28,Tôle N°28 1/2m,Feuille,LAGO METAL,483.3,580
128,LAG-TN30,Tôle N°30 1m×2m,Feuille,LAGO METAL,500,600
129,LAG-TN303,Tôle N°30 3m×1.5m,Feuille,LAGO METAL,"1,167","1,400"
130,LAG-BAG,Baguette Soudure 3.5 MATICA,Paquet,LAGO METAL,91.67,110
131,LAG-ACR,Acres Industriels,Unité,LAGO METAL,2.917,3.5
132,LAG-PAT25,Patin Plastique Ø25mm rond,Pièce,LAGO METAL,1.667,2
133,LAG-PAT60,Patin Plastique 60mm carré,Pièce,LAGO METAL,5,6
134,LAG-POM80,Pomelle 80mm Normal,Pièce,LAGO METAL,3.333,4
135,LAG-POM150,Pomelle 150mm,Pièce,LAGO METAL,16.67,20
136,LAG-SER70,Serrure Joff N°70,Pièce,LAGO METAL,70.83,85
137,SGU-TC16,Tube Carré 16×2mm,ML,SGUIFER,50,60
138,SGU-TC2015,Tube Carré 20×1.5mm,ML,SGUIFER,62.5,75
139,SGU-TC20,Tube Carré 20×2mm,ML,SGUIFER,97.08,116.5
140,SGU-TC25,Tube Carré 25×2mm,ML,SGUIFER,105.8,127
141,SGU-TC40,Tube Carré 40×2mm,ML,SGUIFER,166.7,200
142,SGU-TC80,Tube Carré 80×2mm,ML,SGUIFER,108.3,130
143,SGU-TR2030,Tube Rectangle 20×30×1.5mm,ML,SGUIFER,79.17,95
144,SGU-TR2030X,Tube Rectangle 20×30×2mm,ML,SGUIFER,137.5,165
145,SGU-TR2040,Tube Rectangle 20×40×1.5mm,ML,SGUIFER,91.67,110
146,SGU-TR5030,Tube Rectangle 50×30×1.5mm,ML,SGUIFER,120.8,145
147,SGU-TR50302,Tube Rectangle 50×30×2mm,ML,SGUIFER,162.5,195
148,SGU-TR50306,Tube Rectangle 50×30 6m,ML,SGUIFER,333.3,400
149,SGU-TR7040,Tube Rectangle 70×40×1.5mm,ML,SGUIFER,162.5,195
150,SGU-TR7030,Tube Rectangle 70×30×1.5mm,ML,SGUIFER,162.5,195
151,SGU-RD13,Tube Rond 13×2mm,ML,SGUIFER,62.5,75
152,SGU-RD16,Tube Rond 16×2mm,ML,SGUIFER,68.33,82
153,SGU-RD20,Tube Rond 20×2 6m,ML,SGUIFER,79.17,95
154,SGU-RD25,Tube Rond 25×1.5mm,ML,SGUIFER,83.33,100
155,SGU-RD252,Tube Rond 25×2mm,ML,SGUIFER,91.67,110
156,SGU-RD27,Tube Rond 27×2mm,ML,SGUIFER,83.33,100
157,SGU-RD33,Tube Rond 33×1.5mm,ML,SGUIFER,87.5,105
158,SGU-RD332,Tube Rond 33×2mm,ML,SGUIFER,108.3,130
159,SGU-RD40,Tube Rond 40×2mm,ML,SGUIFER,150,180
160,SGU-FP10,Fer Plat 10/03,ML,SGUIFER,15.83,19
161,SGU-FP14,Fer Plat 14/03,ML,SGUIFER,22.08,26.5
162,SGU-FP20,Fer Plat 20×5mm,ML,SGUIFER,52.5,63
163,SGU-FP30,Fer Plat 30/04,ML,SGUIFER,45.83,55
164,SGU-FP50,Fer Plat 50×5mm,ML,SGUIFER,125,150
165,SGU-FP506,Fer Plat 50/6,ML,SGUIFER,141.7,170
166,SGU-FC12,Fer Carré N°12,ML,SGUIFER,70.83,85
167,SGU-RD07,Fer Rond Ø7mm,ML,SGUIFER,20.42,24.5
168,SGU-RD08,Fer Rond Ø8mm,ML,SGUIFER,26.67,32
169,SGU-RD10,Fer Rond N°10,ML,SGUIFER,35,42
170,SGU-RD12,Fer Rond N°12,ML,SGUIFER,68.33,82
171,SGU-RINOX,Fer Rond Inox Ø8mm,ML,SGUIFER,95,114
172,SGU-TN10,Tôle N°10 1/2m,Feuille,SGUIFER,250,300
173,SGU-TN12,Tôle N°12 1m×2m,Feuille,SGUIFER,250,300
174,SGU-TN14,Tôle N°14 2m×1m,Feuille,SGUIFER,275,330
175,SGU-TN15,Tôle N°15 1/2m,Feuille,SGUIFER,283.3,340
176,SGU-TN15X,Tôle N°15 3m×1.25m,Feuille,SGUIFER,569.2,683
177,SGU-TN18,Tôle N°18 3m×1.25m,Feuille,SGUIFER,750,900
178,SGU-TN20,Tôle N°20 1/2m,Feuille,SGUIFER,333.3,400
179,SGU-TN28,Tôle N°28 1/2m,Feuille,SGUIFER,525,630
180,SGU-TN5,Tôle N°05 1m×2m,Feuille,SGUIFER,116.7,140
181,SGU-TN50,Tôle N°50 1/2m,Feuille,SGUIFER,933.3,"1,120"
182,SGU-TTC10,Tôle TC N°10 1/2m,Feuille,SGUIFER,258.3,310
183,SGU-BAG,Baguette Soudure 3.5 MATICA,Paquet,SGUIFER,91.67,110
184,SGU-DAL,Dalakit,mm,SGUIFER,183.3,220
185,SGU-UPAF,UPAF Galvanisé 40×1.5,ML,SGUIFER,58.33,70
186,SGU-TIG8,Tige Galvanisée 12mm,Pièce,SGUIFER,20.83,25
187,SGU-TIG20,Tige Galvanisée 20mm,Pièce,SGUIFER,45.83,55
188,SGU-RVT,Rivet 20/5,Pièce,SGUIFER,0.3333,0.4
189,SGU-RNDILE,Rondelle 12/30,Pièce,SGUIFER,0.5833,0.7
190,SGU-ECR10,Écrou N°10,Pièce,SGUIFER,0.5833,0.7
191,SGU-ECR6,Écrou Filète 6×10,Pièce,SGUIFER,1.25,1.5
192,SGU-ECRG8,Écrou Galv 08,Pièce,SGUIFER,1.25,1.5
193,SGU-ECRG12,Écrou Galv 12,Pièce,SGUIFER,3.75,4.5
194,SGU-DBC25,Disque Coupage NORTON 125mm,Pièce,SGUIFER,10.83,13
195,SGU-DB115,Disque Abrasif 115 P40 BOSCH,Pièce,SGUIFER,14.17,17
196,SGU-DB115B,Disque Bride 115mm,Pièce,SGUIFER,11.67,14
197,SGU-DT300,Disque Transeleuse 300mm,Pièce,SGUIFER,26.67,32
198,SGU-BCH,Bouchon Carré 50×30mm,Pièce,SGUIFER,3.167,3.8
199,SGU-BCH2,Bouchon Rectangle 30×20mm,Pièce,SGUIFER,1.25,1.5
200,SGU-BCH3,Bouchon Rond 20mm,Pièce,SGUIFER,1.25,1.5
201,SGU-PAT20,Patin Plastique Ø20mm,Pièce,SGUIFER,1.25,1.5
202,SGU-PAT25,Patin Plastique Ø25mm,Pièce,SGUIFER,1.667,2
203,SGU-PAT33,Patin Plastique Ø33mm,Pièce,SGUIFER,2.5,3
204,SGU-PAT60,Patin Plastique 60mm carré,Pièce,SGUIFER,5,6
205,SGU-REG,Réglage Pied de Table,Pièce,SGUIFER,2.917,3.5
206,SGU-ROU50,Roue 50mm,Pièce,SGUIFER,5.833,7
207,SGU-ROUPLY,Roue Poly,Pièce,SGUIFER,25,30
208,SGU-SONT,Sontophir Rapid 1KG,Unité,SGUIFER,25,30
209,SGU-FIL,Fil Galvanisé,Unité,SGUIFER,20,24
210,SGU-VIS8,Vis T Ronde 8×100,Pièce,SGUIFER,7.5,9
211,SGU-TIG,Tige Vide,Pièce,SGUIFER,20,24
212,ASI-FP50,Fer Plat 50/6,kg,ASIA FER,125,150
213,ASI-TR20,Tube Ronde 20×2 6m,ML,ASIA FER,58.33,70
214,IKH-FP50,Fer Plat 50/6,kg,IKHWAN FER SARL,141.7,170
215,IKH-RD08,Fer Ronde Ø8mm,ML,IKHWAN FER SARL,20.83,25
216,ROY-CU8,Cuivre Ø8mm,Pièce,ROY METAL,945,"1,134"
217,ROY-FA,Fil Alliance (maillechort),Pièce,ROY METAL,91.67,110
218,ROY-TC12,Tube Cuivre 12mm,ML,ROY METAL,62.5,75
219,ROY-ECR,Écrou Tige Vide,Pièce,ROY METAL,0.4167,0.5
220,ROY-TIG,Tige Vide,Pièce,ROY METAL,10.83,13
221,DRO-APB5,Apprêt Blanc 5KG,Unité,DROGERIE AL MASSAR,141.7,170
222,DRO-APF1,Apprêt Filler 1KG,Unité,DROGERIE AL MASSAR,95.83,115
223,DRO-PBM5,Peinture Blanc Mat 5KG,Unité,DROGERIE AL MASSAR,225,270
224,DRO-PBN,Peinture Blanc Neige Cellulo 1KG,Unité,DROGERIE AL MASSAR,54.17,65
225,DRO-PBC1,Peinture Blanc Cassé 1KG,Unité,DROGERIE AL MASSAR,50,60
226,DRO-PCH1,Peinture Champagne 1KG ATLAS,Unité,DROGERIE AL MASSAR,66.67,80
227,DRO-PBE,Peinture Beige 1KG ATLAS,Unité,DROGERIE AL MASSAR,50,60
228,DRO-PGF,Peinture Gris Fumé 1KG,Unité,DROGERIE AL MASSAR,50,60
229,DRO-PVJ,Peinture Vert Jardin 1KG,Unité,DROGERIE AL MASSAR,54.17,65
230,DRO-PMC,Peinture Marron Cellulo 1KG,Unité,DROGERIE AL MASSAR,54.17,65
231,DRO-PNM5,Peinture Noir Mat Cellulo 5KG ATLAS,Unité,DROGERIE AL MASSAR,233.3,280
232,DRO-PRF,Peinture Rouge Ford 1KG ATLAS,Unité,DROGERIE AL MASSAR,54.17,65
233,DRO-PBL,Peinture Blanc Cellulo 5KG,Unité,DROGERIE AL MASSAR,225,270
234,DRO-PCL,Peinture Cellulosique 1KG,Unité,DROGERIE AL MASSAR,54.17,65
235,DRO-PLK,Peinture Luky Cellulo 5KG,Unité,DROGERIE AL MASSAR,233.3,280
236,DRO-ND5,Noir Diamant 5KG ATLAS,Unité,DROGERIE AL MASSAR,225,270
237,DRO-NDS,Noir Diamant 5KG SODECSO,Unité,DROGERIE AL MASSAR,225,270
238,DRO-VA1,Vernis Mat 1KG,Unité,DROGERIE AL MASSAR,41.67,50
239,DRO-VA5,Vernis Mat 5KG ATLAS,Unité,DROGERIE AL MASSAR,200,240
240,DRO-VAZ,Vernis Acrylique Z2 ATLAS 1KG,Unité,DROGERIE AL MASSAR,108.3,130
241,DRO-VAN,Vernis Affiche Noyer 1KG,Unité,DROGERIE AL MASSAR,44.17,53
242,DRO-VLC,Vernis Cellulosique,Unité,DROGERIE AL MASSAR,44.17,53
243,DRO-FGB,Fengiboi Noyer 1KG,Unité,DROGERIE AL MASSAR,16.67,20
244,DRO-TAN,Tante Noyer,Unité,DROGERIE AL MASSAR,25,30
245,DRO-DL5,Diluant 5L Logic,Bidon,DROGERIE AL MASSAR,91.67,110
246,DRO-DS5,Diluant 5L Sodicso,Bidon,DROGERIE AL MASSAR,87.5,105
247,DRO-ES5,Essence Sodisco 5L,Bidon,DROGERIE AL MASSAR,79.17,95
248,DRO-SRF,Sourfaseur 5KG Prodec,Unité,DROGERIE AL MASSAR,208.3,250
249,DRO-ATH,Athente Bleu Noir (durcisseur),Unité,DROGERIE AL MASSAR,16.67,20
250,DRO-MSK,Masque de Peinture,Unité,DROGERIE AL MASSAR,316.7,380
251,DRO-LUN,Lunettes de Soudeur Noir,Unité,DROGERIE AL MASSAR,12.5,15
252,DRO-GRA,Gratoir à Peinture,Unité,DROGERIE AL MASSAR,15,18
253,DRO-GRF,Graffeusse Rapid,Unité,DROGERIE AL MASSAR,150,180
254,DRO-PAN,Panceau Plat N21 AKRO,Unité,DROGERIE AL MASSAR,4.167,5
255,DRO-ROL,Rouleau Peinture PM,Unité,DROGERIE AL MASSAR,8.333,10
256,DRO-RCH,Recharge Rouleau Peinture,Unité,DROGERIE AL MASSAR,4.167,5
257,DRO-RSL,Rolou Solofiline 2KG,Unité,DROGERIE AL MASSAR,37.5,45
258,DRO-POT,Potchamo (décapant),Unité,DROGERIE AL MASSAR,15,18
259,DRO-SFP,Scotch Peinture,Rouleau,DROGERIE AL MASSAR,8.333,10
260,DRO-SEM,Scotch d'Emballage,Rouleau,DROGERIE AL MASSAR,8.333,10
261,DRO-SCN,Scotch Noir,Rouleau,DROGERIE AL MASSAR,8.333,10
262,DRO-MDIV,Midivinil 30KG,Sac,DROGERIE AL MASSAR,358.3,430
263,DRO-CZ4,Chromate de Zinc 4KG,Sac,DROGERIE AL MASSAR,125,150
264,AIT-DL5,Diluant 5L Sodicso,Bidon,AIT BEN ADDI,91.67,110
265,AIT-FGB,Fengiboi Noyer 1KG,Unité,AIT BEN ADDI,45.83,55
266,AIT-MAS,Mastics Noyer 1KG,Unité,AIT BEN ADDI,54.17,65
267,AIT-ND5,Noir Diamant 5KG ATLAS,Unité,AIT BEN ADDI,225,270
268,AIT-PBE,Peinture Beige 1KG ATLAS,Unité,AIT BEN ADDI,54.17,65
269,AIT-PBO,Peinture Bleu Océan 1KG,Unité,AIT BEN ADDI,50,60
270,AIT-PCH,Peinture Champagne ATLAS 1KG,Unité,AIT BEN ADDI,66.67,80
271,AIT-PGC,Peinture Gris Clear 1KG,Unité,AIT BEN ADDI,50,60
272,AIT-PISU,Peinture ISUSA Cellulo 1KG,kg,AIT BEN ADDI,50,60
273,AIT-PJN,Peinture Jaune 1KG,Unité,AIT BEN ADDI,54.17,65
274,AIT-PMC,Peinture Marron Cellulo 1KG,Unité,AIT BEN ADDI,50,60
275,AIT-PNM,Peinture Noir Mat 1KG ATLAS,Unité,AIT BEN ADDI,50,60
276,AIT-PP1,Peinture Préparée 001,kg,AIT BEN ADDI,75,90
277,AIT-PP2,Peinture Préparée 002,kg,AIT BEN ADDI,75,90
278,AIT-PPB,Peinture Préparée Bleu Ciel 1KG,Unité,AIT BEN ADDI,75,90
279,AIT-PPR,Peinture Préparée RAL 3012,Unité,AIT BEN ADDI,75,90
280,AIT-PPG,Peinture Préparée RAL 6000,Unité,AIT BEN ADDI,75,90
281,AIT-PPV,Peinture Préparée Vert Lotfi,Unité,AIT BEN ADDI,75,90
282,AIT-PRC,Peinture Rouge Cellulo 1/2KG,Unité,AIT BEN ADDI,29.17,35
283,AIT-PVW,Peinture Vert Wagon 1KG,Unité,AIT BEN ADDI,50,60
284,AIT-VM5,Vernis Mat 5KG ATLAS,Unité,AIT BEN ADDI,200,240
285,AIT-JNL,Journal (papier),Unité,AIT BEN ADDI,15,18
286,JOU-APB5,Apprêt Blanc 5KG,Unité,EQUIPEMENT JOUD,133.3,160
287,JOU-APF1,Apprêt Filler 1KG,Unité,EQUIPEMENT JOUD,116.7,140
288,JOU-PBM1,Peinture Blanc Mat 1KG,Unité,EQUIPEMENT JOUD,50,60
289,JOU-PBM5,Peinture Blanc Mat 5KG,Unité,EQUIPEMENT JOUD,216.7,260
290,JOU-PBL,Peinture Bleu Cellulo 1KG,Unité,EQUIPEMENT JOUD,50,60
291,JOU-PCH,Peinture Champagne ATLAS 1KG,Unité,EQUIPEMENT JOUD,70.83,85
292,JOU-PNM1,Peinture Noir Mat 1KG ATLAS,Unité,EQUIPEMENT JOUD,50,60
293,JOU-PNM5,Peinture Noir Mat Cellulo 5KG,Unité,EQUIPEMENT JOUD,225,270
294,JOU-PSL,Peinture Selulosique 1KG,Unité,EQUIPEMENT JOUD,54.17,65
295,JOU-PVW,Peinture Vert Wagon 1KG,Unité,EQUIPEMENT JOUD,54.17,65
296,JOU-PBL5,Peinture Blanc Cellulo 5KG,Unité,EQUIPEMENT JOUD,225,270
297,JOU-ND5,Noir Diamant 5KG ATLAS,Unité,EQUIPEMENT JOUD,225,270
298,JOU-ATH,Athente Vert ATLAS (durcisseur),Unité,EQUIPEMENT JOUD,12.5,15
299,JOU-VM1,Vernis Mat 1KG,Unité,EQUIPEMENT JOUD,50,60
300,JOU-VM5,Vernis Mat 5KG ATLAS,Unité,EQUIPEMENT JOUD,200,240
301,JOU-VAZ,Vernis Acrylique Z2 ATLAS 1KG,Unité,EQUIPEMENT JOUD,141.7,170
302,JOU-VNI,Vinyle ITRI ATLAS 30KG,Sac,EQUIPEMENT JOUD,416.7,500
303,JOU-DL,Diluant 5L Logic,Bidon,EQUIPEMENT JOUD,91.67,110
304,JOU-DS,Diluant 5L Sodicso,Bidon,EQUIPEMENT JOUD,91.67,110
305,JOU-WSP,White Spirit 1L,Bidon,EQUIPEMENT JOUD,16.67,20
306,JOU-SRF,Sourfaseur 5KG Prodec,Unité,EQUIPEMENT JOUD,183.3,220
307,JOU-TPN,Tipe Noyer,Unité,EQUIPEMENT JOUD,29.17,35
308,COL-F5,Colle Flambo 205 5KG,Bidon,DROGERIE AL MASSAR,150,180
309,COL-FR4,Colle Flambo Rapid 4KG,Sac,Hamza BELGOAUTI,350,420
310,COL-FR10,Colle Flambo Rapid 10KG,Sac,Hamza BELGOAUTI,350,420
311,COL-FR15,Colle Flambo Rapid 15KG,Sac,DROGERIE AL MASSAR,416.7,500
312,COL-AB,Colle à Bois,Bidon,COMPTOIR ZAGORA,50,60
313,COL-DYN,Colle à Bois Dynaglo 30KG,Sac,DROGERIE AL MASSAR,400,480
314,COL-PAN1,Colla Panaglo Sader 1KG,Unité,EQUIPEMENT JOUD,58.33,70
315,COL-PAN5,Colla Panaglo Sader 5KG,Unité,EQUIPEMENT JOUD,245.8,295
316,COL-CR750,Colla Crème 750ML Mixer,Unité,DROGERIE AL MASSAR,54.17,65
317,COL-TYT,Colle Spéciale GM TYTAN,Unité,DROGERIE AL MASSAR,50,60
318,COL-PRX,Colle Pernix 15L,Unité,EQUIPEMENT JOUD,416.7,500
319,COL-WBR,Colle Weber Gris 25KG,Sac,BARJ ALAMAL,75,90
320,COL-MOR,Colla Gris Mortycol 25KG,Sac,BARJ ALAMAL,50,60
321,COL-SNT,Sontophir Rapid 1KG,Unité,DROGERIE AL MASSAR,27.5,33
322,COL-MST,Mastic Silicone 1KG,Tube,PEINTURE ENNAKHIL,29.17,35
323,COL-SBL,Silicon Blanc Quilosa,Tube,BARJ ALAMAL,241.7,290
324,COL-SNI,Silicon Parpise Noir,Tube,DROGERIE AL MASSAR,50,60
325,COL-SMF,Silicon Montage Fix,Tube,DROGERIE AL MASSAR,33.33,40
326,JOU-AGR6,Agraffe 6mm,Boîte,DROGERIE AL MASSAR,9.167,11
327,JOU-AGR8,Agraffe 8mm,Boîte,DROGERIE AL MASSAR,9.167,11
328,JOU-AGR12,Agraffe 12mm,Boîte,DROGERIE AL MASSAR,41.67,50
329,JOU-AGF8,Agraffe Pistolet F08,Boîte,DROGERIE AL MASSAR,41.67,50
330,JOU-VS420,Vis Bois 4×20mm,Boîte,DROGERIE AL MASSAR,10.83,13
331,JOU-VS430,Vis Bois 4×30mm,Boîte,DROGERIE AL MASSAR,12.5,15
332,JOU-VS440,Vis Bois 4×40mm,Boîte,EQUIPEMENT JOUD,23.33,28
333,JOU-VS450,Vis Bois 4×50mm,Boîte,EQUIPEMENT JOUD,23.33,28
334,JOU-VS460,Vis Bois 4×60mm,Boîte,EQUIPEMENT JOUD,25,30
335,JOU-VS470,Vis Bois 4×70mm,Boîte,EQUIPEMENT JOUD,27.5,33
336,JOU-VS540,Vis Bois 5×40mm,Boîte,DROGERIE AL MASSAR,20.83,25
337,JOU-VS580,Vis Bois 5×80mm,Boîte,DROGERIE AL MASSAR,50,60
338,JOU-VM8,Vis Miche 4.8×25mm,Boîte,DROGERIE AL MASSAR,104.2,125
339,JOU-VM32,Vis Miche 4.8×32mm,Boîte,DROGERIE AL MASSAR,140,168
340,JOU-VM8X,Vis à Mish 8×25,Boîte,EQUIPEMENT JOUD,0.28,0.34
341,JOU-BOL,Boulon 8×80 Écrou,Boîte,DROGERIE AL MASSAR,1.667,2
342,JOU-BOL2,Boulon 8/80,Boîte,DROGERIE AL MASSAR,1.667,2
343,JOU-BO10,Boulon 10×100,Boîte,EQUIPEMENT JOUD,2.5,3
344,JOU-BO60,Boulon 10×60,Boîte,EQUIPEMENT JOUD,1.67,2
345,JOU-RD830,Rondelle 8/30mm,Boîte,DROGERIE AL MASSAR,0.2333,0.28
346,JOU-RD1030,Rondelle 10/30mm,Boîte,DROGERIE AL MASSAR,0.25,0.3
347,JOU-EC10,Écrou N°10,Boîte,DROGERIE AL MASSAR,0.25,0.3
348,JOU-ECG8,Écrou Galv 08,Boîte,DROGERIE AL MASSAR,0.2083,0.25
349,JOU-CHV8,Cheville 08 INGELEC,Boîte,DROGERIE AL MASSAR,8.333,10
350,JOU-CHV10,Cheville Plastique 10mm,Boîte,DROGERIE AL MASSAR,2.083,2.5
351,JOU-CHVM10,Cheville Métallique 10mm,Boîte,DROGERIE AL MASSAR,5,6
352,JOU-CHV12,Cheville Plastique 12mm,Boîte,EQUIPEMENT JOUD,0.33,0.4
353,JOU-DMF,Demontable Fixation Lit,Pièce,DROGERIE AL MASSAR,15.83,19
354,JOU-ECR,Écrou Tige Vide,Pièce,EQUIPEMENT JOUD,0.67,0.8
355,JOU-TIG,Tige Vide (filetée),Pièce,EQUIPEMENT JOUD,11.67,14
356,JOU-EQR2,Équerre 20/20mm,Pièce,EQUIPEMENT JOUD,0.9167,1.1
357,JOU-EQR4,Équerre 4/40mm,Pièce,EQUIPEMENT JOUD,16.67,20
358,JOU-SER70,Serrure Joff N°70,Pièce,EQUIPEMENT JOUD,91.67,110
359,JOU-SERC,Serrure Cadna 32,Pièce,EQUIPEMENT JOUD,15,18
360,JOU-SERP,Serrure Placard,Pièce,DROGERIE AL MASSAR,25,30
361,JOU-ANT,Patin Anti-Glissage,Pièce,EQUIPEMENT JOUD,12.5,15
362,JOU-PAT20,Patin Glissier 20mm,Pièce,DROGERIE AL MASSAR,1.5,1.8
363,JOU-PAT30,Patin Glissier 30mm,Pièce,DROGERIE AL MASSAR,2.083,2.5
364,JOU-CTD30,Coulisse Tondem 30 BLUM,Pièce,DROGERIE AL MASSAR,50,60
365,JOU-CTD27,Coulisse Tondem 27 BLUM,Pièce,EQUIPEMENT JOUD,137.5,165
366,JOU-CTH35,Coulisse Tondem Hydraulique 35,Pièce,DROGERIE AL MASSAR,45.83,55
367,JOU-CTH30,Coulisse Tondem Hydraulique 30,Pièce,DROGERIE AL MASSAR,45.83,55
368,JOU-CETl,Coulisse Équerre Touch Luch 35,Pièce,DROGERIE AL MASSAR,45.83,55
369,JOU-CEH45,Coulisse Équerre Hydraulique 45,Pièce,DROGERIE AL MASSAR,50,60
370,JOU-CE40,Coulisse Équerre Touch Luch 40,Pièce,DROGERIE AL MASSAR,54.17,65
371,JOU-MEC,Mécanisme 60cm,Pièce,DROGERIE AL MASSAR,116.7,140
372,JOU-CHR,Charnier Demi Coudée,Pièce,DROGERIE AL MASSAR,8.333,10
373,JOU-CHN,Charnier Normal,Pièce,DROGERIE AL MASSAR,8.333,10
374,JOU-CHC,Charnier Coudée Chrome,Pièce,DROGERIE AL MASSAR,10,12
375,JOU-TCH,Touche Luch,Pièce,EQUIPEMENT JOUD,13.33,16
376,JOU-EMB,Embout Visseuse BOSCH,Pièce,DROGERIE AL MASSAR,4.167,5
377,JOU-TEB,Tête Embout Visseuse,Pièce,DROGERIE AL MASSAR,10,12
378,JOU-MET20,Mètre Asist 5M,Unité,DROGERIE AL MASSAR,33.33,40
379,JOU-MET5,Mètre Betta 5M,Unité,DROGERIE AL MASSAR,33.33,40
380,JOU-CRY,Carret de Traçage,Unité,DROGERIE AL MASSAR,18,21.6
381,JOU-FIL,File Galvanisé,Unité,DROGERIE AL MASSAR,20.83,25
382,JOU-PIE,Pied Plastique 15cm,Pièce,EQUIPEMENT JOUD,5,6
383,JOU-PIE2,Pied Plastique 20cm,Pièce,EQUIPEMENT JOUD,16.67,20
384,JOU-ROE50,Roue 50mm,Pièce,DROGERIE AL MASSAR,8.75,10.5
385,JOU-ROE,Roue Poly,Pièce,EQUIPEMENT JOUD,12.5,15
386,JOU-DSQ25,Coulisse Tondem 25 Touch Luch,Pièce,JABAL EL NOURE,58.33,70
387,JOU-CHN2,Chaine Galvanisée 06mm,Pièce,EQUIPEMENT JOUD,11.67,14
388,JOU-CCHR,Chaine Claire 1KG,Pièce,COMPTOIR ZAGORA,44.17,53
389,ABR-DB115,Disque Abrasif 115 P40 BOSCH,Pièce,DROGERIE AL MASSAR,8.333,10
390,ABR-DB80,Disque Abrasif P80 230mm,Pièce,DROGERIE AL MASSAR,5,6
391,ABR-D80,Disque Abrasif 80,Pièce,DROGERIE AL MASSAR,5,6
392,ABR-DST,Disque SAIT 230mm,Pièce,DROGERIE AL MASSAR,29.17,35
393,ABR-DCN,Disque Coupage 125 NORTON,Pièce,DROGERIE AL MASSAR,8.333,10
394,ABR-DDI,Disque Diamant 115mm,Pièce,DROGERIE AL MASSAR,83.33,100
395,ABR-DT355,Disque Transeleuse 355mm,Pièce,DROGERIE AL MASSAR,25,30
396,ABR-DT300,Disque Transeleuse 300mm,Pièce,SGUIFER,26.67,32
397,ABR-CB180,Carte Abrasif 180 BOSCH,Pièce,DROGERIE AL MASSAR,2.5,3
398,ABR-CB220,Carte Abrasif 220 BOSCH,Pièce,DROGERIE AL MASSAR,2.5,3
399,ABR-CB400,Carte Abrasif 400 BOSCH,Pièce,DROGERIE AL MASSAR,2.083,2.5
400,ABR-LQ,Lame Quiteuse (guide),Pièce,DROGERIE AL MASSAR,8.333,10
401,ABR-LT244,Lame Sauteuse T244D,Pièce,DROGERIE AL MASSAR,8.333,10
402,ABR-MH,Mish Charner GM,Pièce,DROGERIE AL MASSAR,25,30
403,ABR-MB08,Mish Béton 08,Pièce,DROGERIE AL MASSAR,29.17,35
404,ABR-MI3,Mish Inox 3mm,Pièce,DROGERIE AL MASSAR,4.583,5.5
405,ABR-MI4,Mish Inox 4mm,Pièce,DROGERIE AL MASSAR,4.17,5
406,ABR-MI5,Mish Inox 5mm,Pièce,DROGERIE AL MASSAR,5,6
407,ABR-MI6,Mish Inox 6mm,Pièce,DROGERIE AL MASSAR,6.67,8
408,ABR-MI8,Mish Inox 8mm,Pièce,DROGERIE AL MASSAR,14.17,17
409,ABR-MI10,Mish Inox 10mm,Pièce,DROGERIE AL MASSAR,20.83,25
410,ABR-MI12,Mish Inox 12mm,Pièce,DROGERIE AL MASSAR,19.17,23
411,ABR-M20,Mish 20mm,Pièce,DROGERIE AL MASSAR,23.33,28
412,ABR-MNG80,Mangouste 80,Pièce,DROGERIE AL MASSAR,4.167,5
413,ABR-MNG100,Mangouste 100,Pièce,DROGERIE AL MASSAR,4.17,5
414,ABR-PTB,Pistolet à Colle,Pièce,DROGERIE AL MASSAR,233.3,280
415,ABR-PPPN,Pistolet Point Pneumatique,Pièce,INGCO,358.3,430
416,ABR-PPF20,Point Pneumatique F20,Pièce,EQUIPEMENT JOUD,40,48
417,ABR-PPF30,Point Pneumatique F30,Pièce,DROGERIE AL MASSAR,40,48
418,ABR-PPF40,Point Pneumatique F40,Pièce,DROGERIE AL MASSAR,33.33,40
419,ABR-PPF50,Point Pneumatique F50,Pièce,DROGERIE AL MASSAR,45.83,55
420,ABR-GRF,Grafeuse Rapid,Pièce,DROGERIE AL MASSAR,150,180
421,ABR-ISS,Disque Pansage P80 (ISA),Pièce,ISA BRASISTON,100,120
422,ABR-VLX,Vernis Luxe 1L (ISA),Unité,ISA BRASISTON,150,180
423,ABR-SNT2,Sontophir Rapid 1KG (ISA),Unité,ISA BRASISTON,23.33,28
424,ABR-AC5,Acide N17 5L,Bidon,DROGERIE AL MASSAR,62.5,75
425,ELE-CMT05,Câble MTH 0.50mm Transparent,mm,NOUR 7 ELEC,1.667,2
426,ELE-CMT2,Câble MTH 2×1.5 Rouge Noir,ML,NOUR 7 ELEC,2.92,3.5
427,ELE-CS3,Câble Souple 3×1.5mm SVIV,ML,NOUR 7 ELEC,7.5,9
428,ELE-CS25,Câble Souple 3G2.5mm,ML,NOUR 7 ELEC,12.5,15
429,ELE-CT075,Câble Tissu 0.75mm Noir,mm,NOUR 7 ELEC,23.33,28
430,ELE-DM10,Domino 10mm INGELEC,Pièce,NOUR 7 ELEC,5.833,7
431,ELE-DB22,Douille B22 Métallique,Pièce,NOUR 7 ELEC,2.642,3.17
432,ELE-DE14,Douille E14 Simple Noir,Pièce,NOUR 7 ELEC,5.833,7
433,ELE-INTR,Interrupteur Simple Galaxy,Pièce,NOUR 7 ELEC,12.62,15.14
434,ELE-COM,Commutateur,Pièce,NOUR 7 ELEC,33.33,40
435,ELE-PRS,Prise 2P+T Marron Galaxy,Pièce,NOUR 7 ELEC,16.39,19.67
436,ELE-PET,Prise Étupe Suspension Noir,Pièce,NOUR 7 ELEC,3.333,4
437,ELE-CDF,Cadre 4M Marron Galaxy,Pièce,NOUR 7 ELEC,15.26,18.31
438,ELE-MCH,Multicadre Double H Marron Galaxy,Pièce,NOUR 7 ELEC,6.87,8.24
439,ELE-MCT,Multicadre Triple H Marron Galaxy,Pièce,NOUR 7 ELEC,9.04,10.85
440,ELE-SOF,Sortie File Marron Galaxy,Pièce,NOUR 7 ELEC,10.64,12.77
441,ELE-PAL,Profil Aluminium Encastré 3M Noir,ML,NOUR 7 ELEC,100,120
442,ELE-PLF,Profilight Encastré Noir 10×10mm,ML,NOUR 7 ELEC,62.5,75
443,ELE-RB3,Ruban LED 3000K 10cm,ML,NOUR 7 ELEC,13.33,16
444,ELE-RBL,Ruban LED 12V 8mm 9W 3000K,ML,NOUR 7 ELEC,20.83,25
445,ELE-RBW,Ruban LED 8mm 100MT 8W 4000K,ML,NOUR 7 ELEC,8.33,10
446,ELE-SCG,Scotch Sigma GM,Rouleau,NOUR 7 ELEC,6.667,8
447,ELE-CMT05B,Câble MTH 0.50mm (AFRA ELEC),mm,AFRA ELEC,1.667,2
448,ELE-DE27,Douille E27 Simple (AFRA),Pièce,AFRA ELEC,6.667,8
449,ELE-LE27,Lampe LED E27 3000K,Pièce,NOUR 7 ELEC,16.67,20
450,[TRBZN01],Tissu TRABZON Couleur 01,Mètre,Hamza BELGOAUTI,60,72
451,[TRBZN03],Tissu TRABZON Couleur 03,Mètre,Hamza BELGOAUTI,60,72
452,[TRBZN05],Tissu TRABZON Couleur 05,Mètre,Hamza BELGOAUTI,60,72
453,[TRBZN06],Tissu TRABZON Couleur 06,Mètre,Hamza BELGOAUTI,60,72
454,[TRBZN07],Tissu TRABZON Couleur 07,Mètre,Hamza BELGOAUTI,60,72
455,[TRBZN08],Tissu TRABZON Couleur 08,Mètre,Hamza BELGOAUTI,50,60
456,[TRBZN09],Tissu TRABZON Couleur 09,Mètre,Hamza BELGOAUTI,60,72
457,[TRBZN12],Tissu TRABZON Couleur 12,Mètre,Hamza BELGOAUTI,60,72
458,[TRBZN13],Tissu TRABZON Couleur 13,Mètre,Hamza BELGOAUTI,60,72
459,[TRBZN15],Tissu TRABZON Couleur 15,Mètre,Hamza BELGOAUTI,60,72
460,[TRBZN16],Tissu TRABZON Couleur 16,Mètre,Hamza BELGOAUTI,60,72
461,[TRBZN17],Tissu TRABZON Couleur 17,Mètre,Hamza BELGOAUTI,60,72
462,[TRBZN3],Tissu TRABZON Couleur 3,Mètre,Hamza BELGOAUTI,60,72
463,[TRBZN6],Tissu TRABZON Couleur 6,Mètre,Hamza BELGOAUTI,60,72
464,[TRBZN9],Tissu TRABZON Couleur 9,Mètre,Hamza BELGOAUTI,62.5,75
465,[NRV01],Tissu NERVANA Couleur 01,Mètre,Hamza BELGOAUTI,75,90
466,[NRV02],Tissu NERVANA Couleur 02,Mètre,Hamza BELGOAUTI,75,90
467,[NRV03],Tissu NERVANA Couleur 03,Mètre,Hamza BELGOAUTI,—,—
468,[NRV05],Tissu NERVANA Couleur 05,Mètre,Hamza BELGOAUTI,75,90
469,[NRV07],Tissu NERVANA Couleur 07,Mètre,Hamza BELGOAUTI,75,90
470,[NRV08],Tissu NERVANA Couleur 08,Mètre,Hamza BELGOAUTI,62.5,75
471,[NRV14],Tissu NERVANA Couleur 14,Mètre,Hamza BELGOAUTI,75,90
472,[NRV15],Tissu NERVANA Couleur 15,Mètre,Hamza BELGOAUTI,75,90
473,[NRV16],Tissu NERVANA Couleur 16,Mètre,Hamza BELGOAUTI,75,90
474,[NRV3],Tissu NERVANA Couleur 3,Mètre,Hamza BELGOAUTI,75,90
475,[NRV5],Tissu NERVANA Couleur 5,Mètre,Hamza BELGOAUTI,75,90
476,[NRV12],Tissu NERVANA 12 (NIERVANA 12),Mètre,Hamza BELGOAUTI,75,90
477,[SCALA2],Tissu SCALA Couleur 2,Mètre,Hamza BELGOAUTI,130,156
478,[SCALA7],Tissu SCALA Couleur 7,Mètre,Hamza BELGOAUTI,130,156
479,[SCALARB],Tissu SCALA Rouge Brique,Mètre,Hamza BELGOAUTI,130,156
480,[MTX01],Tissu MATRIX Couleur 01,Mètre,Hamza BELGOAUTI,85,102
481,[MTX04],Tissu MATRIX Couleur 04,Mètre,Hamza BELGOAUTI,85,102
482,[MTX07],Tissu MATRIX Couleur 07,Mètre,Hamza BELGOAUTI,85,102
483,[MTX08],Tissu MATRIX Couleur 08,Mètre,Hamza BELGOAUTI,85,102
484,[BOUCL-B],Tissu BOUCLETTE Beige,Mètre,Hamza BELGOAUTI,100,120
485,[BOUCL-C1],Tissu BOUCLETTE Couleur 01,Mètre,Hamza BELGOAUTI,110,132
486,[NBLS2],Tissu NABLUS Couleur 2,Mètre,Hamza BELGOAUTI,100,120
487,[MRC],Tissu MARCO,Mètre,Hamza BELGOAUTI,70,84
488,[LIN],Tissu LIN,Mètre,Hamza BELGOAUTI,70,84
489,[FLF2],Tissu FLUFFY Couleur 2,Mètre,Hamza BELGOAUTI,110,132
490,[GLD40],Tissu GOLDE Couleur 40,Mètre,Hamza BELGOAUTI,80,96
491,[GTV],Tissu GATIFA Vert,Mètre,Hamza BELGOAUTI,90,108
492,[MAR],Tissu MARRON,Mètre,Hamza BELGOAUTI,70,84
493,[ZARA-N],Tissu ZARA Noir,Mètre,Hamza BELGOAUTI,65,78
494,[ZAMA],Tissu ZAMA,Mètre,Hamza BELGOAUTI,65,78
495,[SMT],Tissu SOUMIT Cuir (simili),Mètre,Hamza BELGOAUTI,62.5,75
496,[COL05],Tissu COULEUR 05,Mètre,Hamza BELGOAUTI,85,102
497,[PLP-ROT],Rouleau POPLINE (pied),ML,Hamza BELGOAUTI,12,14.4
498,[LAT],Latwal Kirya (tresse),Unité,Hamza BELGOAUTI,9,10.8
499,[PGD15],Pieds Gold 15cm,Pièce,Hamza BELGOAUTI,30,36
500,[DEXON],Tissu DEXON,Mètre,ABDELLAH MASSIRA,73.33,88
501,[IMP-GF],Tissu Imperméable Gris Foncé,Mètre,COMPTANT,16.67,20
502,[IMP-GC],Tissu Imperméable Gris Clair,Mètre,ABDELLAH MASSIRA,88,105.6
503,[LUZA],Tissu LUZA,Mètre,ABDELLAH MASSIRA,75,90
504,[GTFV],Tissu GATIFA Vert (COMPTANT),Mètre,COMPTANT,90,108
505,[FIL-C],Fil à Coudre,Bobine,COMPTANT,145,174
506,[MIR4],Miroir 4mm Claire,Pièce,MIROITERIE DU GRAND MAGHREB,225,270
507,[MIR6-175],Miroir 6mm 175×45cm,Pièce,MIROITERIE DU GRAND MAGHREB,445,534
508,[MIR6-80],Miroir 6mm 80×50cm,Pièce,MIROITERIE DU GRAND MAGHREB,280,336
509,[VRR6],Verre 6mm Clair 115×75cm,Pièce,MIROITERIE DU GRAND MAGHREB,150,180
510,[MIRG],Miroir Gris 6mm,Pièce,STE MILANVER,222.6,267.2
511,[MIR176],Miroir 176×46cm,Pièce,COMPTANT,289.2,347
512,[MIR101],Miroir 6mm 101×58cm,Pièce,COMPTANT,104.2,125
513,[PG],Pers Glass Blanc,Pièce,DROGERIE AL MASSAR,816.7,980
514,[PTA-G],Pierre de Taza Gris Vieillie,m²,MONIR PIERRE,158.3,190
515,[PTA-B],Pierre de Taza Beige Vieillie,m²,MONIR PIERRE,133.3,160
516,[VOL],Volubilis,m²,MONIR PIERRE,133.3,160
517,[VOL-B],Volubilis Blaka,m²,Mounir,200,240
518,[VOL-BD],Volubilis Bond,m²,Mounir,220,264
519,[VOL-BL],Volubilis Bonde Libre,m²,Mounir,240,288
520,[ARD],Ardoise Msedi,m²,Mounir,170,204
521,[PTG],Pierre de Taza Gris,m²,Mounir,170,204
522,[TRVT75],Pied Travertin 75cm,Pièce,ABDELHADI TRAVERTIN,"1,050","1,260"
523,[MBV],Marbre Verre,mm,ABDELHADI TRAVERTIN,498.5,598.2
524,[PTZ],Pierre Tazza,mm,ABDELHADI TRAVERTIN,133.3,160
525,[VOLTR],Volubilis Tranche,m²,MOHAMED KHLIF,275,330
526,[CIR],Ciramec Loren Soft Mat 120×240,m²,DECO BAINS,"1,020","1,224"
527,[CER120],Céramique Naos White 120×120,m²,DECO BAINS,212.5,255
528,[SWN],Swan Latte Poli Rectifié 2.88m²,m²,DECO BAINS,212.5,255
529,[VAL120],Valeria Poli Rectif 120×120,m²,DECO BAINS,287.5,345
530,[CER280],Céramique Polish 280×100 6mm,mm,STONE FACTORY,541.7,650
531,[LOK],Looki Polish 280×120,Unité,STONE FACTORY,541.7,650
532,[SAHN],Sahara Noir Brillant 237×160,Unité,STONE FACTORY,541.7,650
533,[CAR320],Carrelage 320×160,m²,MME OUAFAA,"1,667","2,000"
534,[PANEL24],Panel LED 24W Rond 6500K,Pièce,COMPTANT,75,90
535,[PRJT200],Projecteur 200W,Pièce,DROGERIE AL MASSAR,200,240
536,[RGLTT],Réglette 60W Susp Color Mayal,Pièce,COMPTANT,416,499.2
537,[RGLTT2],Réglette App 50W 120cm 6500K Golden,Pièce,COMPTANT,79.17,95
538,[TRN],Tringle Ronde,Pièce,DROGERIE AL MASSAR,15,18
539,[RAL7],Rail 7mm,Pièce,DROGERIE AL MASSAR,10,12
540,[PLN30],Placage Noyer 30cm,ML,DROGERIE AL MASSAR,37.5,45
541,[PLTR],Placage Lettre 30cm,ML,DROGERIE AL MASSAR,29.17,35
542,[CHO5],Chlore Poudre 5KG,Unité,MENARA SANITAIRE,141.7,170
543,[COF],Coffret Métallique,Unité,MENARA SANITAIRE,"1,000","1,200"
544,[COLL2],Collecteur 2 Sortie,Unité,MENARA SANITAIRE,83.33,100
545,[COLL3],Collecteur 3 Sortie,Unité,MENARA SANITAIRE,116.7,140
546,[COU16],Coude 16 1/2,Pièce,MENARA SANITAIRE,21.67,26
547,[ROB],Robinet Service 1/2 Chrome,Pièce,MENARA SANITAIRE,33.33,40
548,[TUB110],Tube PVC 110mm,ML,EQUIPEMENT JOUD,52.5,63
549,[ROBJ],Robinet Jardin,Pièce,BARJ ALAMAL,58.33,70
550,[RPB],Rouleau Plastique Blanc,kg,DROGERIE AL MASSAR,19.17,23
551,[RPBL],Rouleau Plastique Bleu,Unité,DROGERIE AL MASSAR,12.5,15
552,[SEM],Scotch d'Emballage,Rouleau,DROGERIE AL MASSAR,8.333,10
553,[SPB],Sac Pobelle,Unité,DROGERIE AL MASSAR,2.5,3
554,[BCHE],Bâche Verte,Unité,COMPTANT,43.33,52
555,[BRR],Barre Rideau,Pièce,COMPTANT,100,120
556,[CRD],Cordon,Unité,COMPTANT,40,48
557,[AKROM],Encre Canon (AKRAM INFO),Unité,AKRAM INFO,70.83,85
558,[BAL],Balai + Manche,Unité,DROGERIE AL MASSAR,10.83,13
559,[RJX],Rouleau JEX (décapant),Unité,EQUIPEMENT JOUD,66.67,80
